Online_Grocery_Site,Product_Catagory,Product_Name,Weight,Unit,DayOfDeal,Date,Original_Price,Discounted_Price,Discount %
bigbasket.com,Fruits and Vegetables,Carrot - Red,1,Kg,Sunday,03 Dec 2023,70.0,39.0,44.285714285714285
bigbasket.com,Fruits and Vegetables,Onion (Loose),2,Kg,Sunday,03 Dec 2023,70.0,39.0,44.285714285714285
bigbasket.com,Fruits and Vegetables,Onion - Organically Grown (Loose),1,Kg,Sunday,03 Dec 2023,70.0,39.0,44.285714285714285
bigbasket.com,Fruits and Vegetables,Potato (Loose),5,Kg,Sunday,03 Dec 2023,70.0,39.0,44.285714285714285
bigbasket.com,Fruits and Vegetables,Carrot - Orange (Loose),250,gm,Sunday,03 Dec 2023,70.0,39.0,44.285714285714285
bigbasket.com,Fruits and Vegetables,Tomato - Local (Loose),1,Kg,Sunday,03 Dec 2023,70.0,39.0,44.285714285714285
bigbasket.com,Fruits and Vegetables,Cucumber - Organically Grown (Loose),500,gm,Sunday,03 Dec 2023,70.0,39.0,44.285714285714285
bigbasket.com,Fruits and Vegetables,Capsicum - Green (Loose),500,gm,Sunday,03 Dec 2023,70.0,39.0,44.285714285714285
bigbasket.com,Fruits and Vegetables,Tomato - Hybrid (Loose),500,gm,Sunday,03 Dec 2023,70.0,39.0,44.285714285714285
bigbasket.com,Fruits and Vegetables,Bathua Saag,500,gm,Sunday,03 Dec 2023,70.0,39.0,44.285714285714285
bigbasket.com,Fruits and Vegetables,Cucumber,250,gm,Sunday,03 Dec 2023,70.0,39.0,44.285714285714285
bigbasket.com,Fruits and Vegetables,Coriander Leaves,1,Kg,Sunday,03 Dec 2023,70.0,39.0,44.285714285714285
bigbasket.com,Fruits and Vegetables,Beans - Haricot (Loose),250,gm,Sunday,03 Dec 2023,70.0,39.0,44.285714285714285
bigbasket.com,Fruits and Vegetables,Mustard Leaves (Sarso Saag),250,gm,Sunday,03 Dec 2023,70.0,39.0,44.285714285714285
bigbasket.com,Fruits and Vegetables,Beetroot (Loose),250,gm,Sunday,03 Dec 2023,70.0,39.0,44.285714285714285
bigbasket.com,Fruits and Vegetables,"Palak - Cleaned, without roots",1,Kg,Sunday,03 Dec 2023,70.0,39.0,44.285714285714285
bigbasket.com,Fruits and Vegetables,Ladies' Fingers (Loose),500,gm,Sunday,03 Dec 2023,70.0,39.0,44.285714285714285
bigbasket.com,Fruits and Vegetables,"Chilli - Green, Organically Grown",500,gm,Sunday,03 Dec 2023,70.0,39.0,44.285714285714285
bigbasket.com,Fruits and Vegetables,Cabbage (Loose),1,Pc/Box,Sunday,03 Dec 2023,70.0,39.0,44.285714285714285
bigbasket.com,Fruits and Vegetables,Cucumber - English (Loose),500,gm,Sunday,03 Dec 2023,70.0,39.0,44.285714285714285
bigbasket.com,Fruits and Vegetables,Curry Leaves,1,Kg,Sunday,03 Dec 2023,70.0,39.0,44.285714285714285
bigbasket.com,Fruits and Vegetables,Ridge Gourd,500,gm,Sunday,03 Dec 2023,70.0,39.0,44.285714285714285
bigbasket.com,Fruits and Vegetables,Ginger - Organically Grown,500,gm,Sunday,03 Dec 2023,70.0,39.0,44.285714285714285
bigbasket.com,Fruits and Vegetables,Brinjal - Varikatri (Loose),1,Kg,Sunday,03 Dec 2023,70.0,39.0,44.285714285714285
bigbasket.com,Fruits and Vegetables,Coccinia (Loose),500,gm,Sunday,03 Dec 2023,70.0,39.0,44.285714285714285
bigbasket.com,Fruits and Vegetables,"Methi/Venthaya Keerai - Cleaned, without roots",1,Kg,Sunday,03 Dec 2023,70.0,39.0,44.285714285714285
bigbasket.com,Fruits and Vegetables,"Mint Leaves - Cleaned, without roots",1,Kg,Sunday,03 Dec 2023,70.0,39.0,44.285714285714285
bigbasket.com,Fruits and Vegetables,Drumstick/Moringa,1,Kg,Sunday,03 Dec 2023,70.0,39.0,44.285714285714285
bigbasket.com,Fruits and Vegetables,Brinjal - Bottle Shape (Loose),500,gm,Sunday,03 Dec 2023,70.0,39.0,44.285714285714285
bigbasket.com,Fruits and Vegetables,Amla (Loose),1,Kg,Sunday,03 Dec 2023,70.0,39.0,44.285714285714285
bigbasket.com,Fruits and Vegetables,Chow Chow (Loose),1,Kg,Sunday,03 Dec 2023,70.0,39.0,44.285714285714285
bigbasket.com,Fruits and Vegetables,Radish - White (Loose),1,Kg,Sunday,03 Dec 2023,70.0,39.0,44.285714285714285
bigbasket.com,Fruits and Vegetables,Beans - Broad (Loose),1,Kg,Sunday,03 Dec 2023,70.0,39.0,44.285714285714285
bigbasket.com,Fruits and Vegetables,Corriander - Organically Grown,1,Kg,Sunday,03 Dec 2023,70.0,39.0,44.285714285714285
bigbasket.com,Fruits and Vegetables,Betel Leaf,10,Pc/Box,Sunday,03 Dec 2023,70.0,39.0,44.285714285714285
bigbasket.com,Fruits and Vegetables,Garlic - Organically Grown (Loose),500,gm,Sunday,03 Dec 2023,70.0,39.0,44.285714285714285
bigbasket.com,Fruits and Vegetables,Palak - Organically Grown,1,Kg,Sunday,03 Dec 2023,70.0,39.0,44.285714285714285
bigbasket.com,Fruits and Vegetables,Carrot - Ooty (Loose),1,Kg,Sunday,03 Dec 2023,70.0,39.0,44.285714285714285
bigbasket.com,Fruits and Vegetables,Bitter Gourd (Loose),1,Kg,Sunday,03 Dec 2023,70.0,39.0,44.285714285714285
bigbasket.com,Fruits and Vegetables,Parwal (Loose),1,Kg,Sunday,03 Dec 2023,70.0,39.0,44.285714285714285
bigbasket.com,Fruits and Vegetables,Pumpkin Green - Cut,250,gm,Sunday,03 Dec 2023,70.0,39.0,44.285714285714285
bigbasket.com,Fruits and Vegetables,"Tomato - Hybrid, Organically Grown (Loose)",1,Kg,Sunday,03 Dec 2023,70.0,39.0,44.285714285714285
bigbasket.com,Fruits and Vegetables,Beans - Cowpea (Loose),1,Kg,Sunday,03 Dec 2023,70.0,39.0,44.285714285714285
bigbasket.com,Fruits and Vegetables,Orange - Kinnow (Loose),1,Kg,Sunday,03 Dec 2023,62.0,35.0,43.548387096774185
bigbasket.com,Fruits and Vegetables,"Orange - Nagpur, Regular",3,Pc/Box,Sunday,03 Dec 2023,62.0,35.0,43.548387096774185
bigbasket.com,Fruits and Vegetables,Banana - Yelakki,1,Kg,Sunday,03 Dec 2023,62.0,35.0,43.548387096774185
bigbasket.com,Fruits and Vegetables,Banana - Robusta,500,gm,Sunday,03 Dec 2023,62.0,35.0,43.548387096774185
bigbasket.com,Fruits and Vegetables,Watermelon - Small,1,Pc/Box,Sunday,03 Dec 2023,62.0,35.0,43.548387096774185
bigbasket.com,Fruits and Vegetables,Banana - Nendran,500,gm,Sunday,03 Dec 2023,62.0,35.0,43.548387096774185
bigbasket.com,Fruits and Vegetables,Mini Orange Imported (Loose),1,Kg,Sunday,03 Dec 2023,62.0,35.0,43.548387096774185
bigbasket.com,Fruits and Vegetables,Sapota,1,Kg,Sunday,03 Dec 2023,62.0,35.0,43.548387096774185
bigbasket.com,Fruits and Vegetables,Grapes - Bangalore Blue,1,Kg,Sunday,03 Dec 2023,62.0,35.0,43.548387096774185
bigbasket.com,Fruits and Vegetables,Mosambi - Economy (Loose),1,Kg,Sunday,03 Dec 2023,62.0,35.0,43.548387096774185
bigbasket.com,Fruits and Vegetables,"Banana - Yelakki, Organically Grown",1,Kg,Sunday,03 Dec 2023,62.0,35.0,43.548387096774185
bigbasket.com,Fruits and Vegetables,Muskmelon - Netted Small,1,Pc/Box,Sunday,03 Dec 2023,62.0,35.0,43.548387096774185
bigbasket.com,Fruits and Vegetables,Banana - Raw Green (Loose),1,Kg,Sunday,03 Dec 2023,62.0,35.0,43.548387096774185
bigbasket.com,Fruits and Vegetables,Raw Mango (Loose),1,Kg,Sunday,03 Dec 2023,62.0,35.0,43.548387096774185
bigbasket.com,Fruits and Vegetables,Guava (Loose),1,Kg,Sunday,03 Dec 2023,62.0,35.0,43.548387096774185
bigbasket.com,Fruits and Vegetables,Mango - Raw Totapuri,1,Kg,Sunday,03 Dec 2023,62.0,35.0,43.548387096774185
bigbasket.com,Fruits and Vegetables,Avocado (Loose),1,Kg,Sunday,03 Dec 2023,62.0,35.0,43.548387096774185
bigbasket.com,Fruits and Vegetables,Fresh Figs,1,Kg,Sunday,03 Dec 2023,62.0,35.0,43.548387096774185
bigbasket.com,Fruits and Vegetables,Apple - Ambri,1,Kg,Sunday,03 Dec 2023,62.0,35.0,43.548387096774185
bigbasket.com,Fruits and Vegetables,Banana - Red,1,Kg,Sunday,03 Dec 2023,62.0,35.0,43.548387096774185
bigbasket.com,Fruits and Vegetables,Cucumber - English (Loose),500,gm,Sunday,03 Dec 2023,87.0,59.0,32.18390804597702
bigbasket.com,Fruits and Vegetables,Custard Apple,1,Kg,Sunday,03 Dec 2023,87.0,59.0,32.18390804597702
bigbasket.com,Fruits and Vegetables,Grapes - Bangalore Blue,1,Kg,Sunday,03 Dec 2023,87.0,59.0,32.18390804597702
bigbasket.com,Fruits and Vegetables,Baby Potato (Loose),1,Kg,Sunday,03 Dec 2023,87.0,59.0,32.18390804597702
bigbasket.com,Fruits and Vegetables,Sweet Potato - Organically Grown (Loose),1,Kg,Sunday,03 Dec 2023,87.0,59.0,32.18390804597702
bigbasket.com,Fruits and Vegetables,Dill Leaves,1,Kg,Sunday,03 Dec 2023,87.0,59.0,32.18390804597702
bigbasket.com,Fruits and Vegetables,Tomato - Cherry,1,Kg,Sunday,03 Dec 2023,87.0,59.0,32.18390804597702
bigbasket.com,Fruits and Vegetables,Mint - Organically Grown,1,Kg,Sunday,03 Dec 2023,87.0,59.0,32.18390804597702
bigbasket.com,Fruits and Vegetables,"Amaranthus - Red Cleaned, without roots",1,Kg,Sunday,03 Dec 2023,87.0,59.0,32.18390804597702
bigbasket.com,Fruits and Vegetables,"Capsicum - Green, Organically Grown (Loose)",1,Kg,Sunday,03 Dec 2023,87.0,59.0,32.18390804597702
bigbasket.com,Fruits and Vegetables,Avocado (Loose),1,Kg,Sunday,03 Dec 2023,87.0,59.0,32.18390804597702
bigbasket.com,Fruits and Vegetables,Fresh Figs,1,Kg,Sunday,03 Dec 2023,87.0,59.0,32.18390804597702
bigbasket.com,Fruits and Vegetables,Persimmon /Amarphal,1,Kg,Sunday,03 Dec 2023,87.0,59.0,32.18390804597702
bigbasket.com,Fruits and Vegetables,Lettuce - Green,1,Kg,Sunday,03 Dec 2023,87.0,59.0,32.18390804597702
bigbasket.com,Fruits and Vegetables,Grapes - Red Globe,1,Kg,Sunday,03 Dec 2023,87.0,59.0,32.18390804597702
bigbasket.com,Fruits and Vegetables,Ber - Apple (Loose),1,Kg,Sunday,03 Dec 2023,87.0,59.0,32.18390804597702
bigbasket.com,Fruits and Vegetables,Baby Corn - Peeled,500,gm,Sunday,03 Dec 2023,87.0,59.0,32.18390804597702
bigbasket.com,Fruits and Vegetables,Longan,1,Kg,Sunday,03 Dec 2023,87.0,59.0,32.18390804597702
bigbasket.com,Fruits and Vegetables,Plum - Imported,1,Kg,Sunday,03 Dec 2023,87.0,59.0,32.18390804597702
bigbasket.com,Fruits and Vegetables,Passion Fruit,1,Kg,Sunday,03 Dec 2023,87.0,59.0,32.18390804597702
bigbasket.com,Fruits and Vegetables,English Cucumber - Organically grown (Loose),1,Kg,Sunday,03 Dec 2023,87.0,59.0,32.18390804597702
bigbasket.com,Fruits and Vegetables,Baby Corn - Unpeeled (Loose),1,Kg,Sunday,03 Dec 2023,87.0,59.0,32.18390804597702
bigbasket.com,Fruits and Vegetables,Celery,1,Kg,Sunday,03 Dec 2023,87.0,59.0,32.18390804597702
bigbasket.com,Fruits and Vegetables,Capsicum - Red (Loose),1,Kg,Sunday,03 Dec 2023,87.0,59.0,32.18390804597702
bigbasket.com,Fruits and Vegetables,Lettuce - Romaine,500,gm,Sunday,03 Dec 2023,87.0,59.0,32.18390804597702
bigbasket.com,Fruits and Vegetables,Garlic - Peeled,200,gm,Sunday,03 Dec 2023,99.0,72.27,27.0
bigbasket.com,Fruits and Vegetables,Coriander Leaves,1,Kg,Sunday,03 Dec 2023,99.0,72.27,27.0
bigbasket.com,Fruits and Vegetables,Ginger (Loose),250,gm,Sunday,03 Dec 2023,99.0,72.27,27.0
bigbasket.com,Fruits and Vegetables,"Chilli - Green, Organically Grown",500,gm,Sunday,03 Dec 2023,99.0,72.27,27.0
bigbasket.com,Fruits and Vegetables,Curry Leaves,1,Kg,Sunday,03 Dec 2023,99.0,72.27,27.0
bigbasket.com,Fruits and Vegetables,Ginger - Organically Grown,500,gm,Sunday,03 Dec 2023,99.0,72.27,27.0
bigbasket.com,Fruits and Vegetables,Lemon (Loose),100,gm,Sunday,03 Dec 2023,99.0,72.27,27.0
bigbasket.com,Fruits and Vegetables,Garlic (Loose),100,gm,Sunday,03 Dec 2023,99.0,72.27,27.0
bigbasket.com,Fruits and Vegetables,Garlic - Organically Grown (Loose),500,gm,Sunday,03 Dec 2023,99.0,72.27,27.0
bigbasket.com,Fruits and Vegetables,"Chilli - Green Long, Medium (Loose)",500,gm,Sunday,03 Dec 2023,99.0,72.27,27.0
bigbasket.com,Fruits and Vegetables,Dill Leaves,1,Kg,Sunday,03 Dec 2023,99.0,72.27,27.0
bigbasket.com,Fruits and Vegetables,Chilli - Green Small (Loose),500,gm,Sunday,03 Dec 2023,99.0,72.27,27.0
bigbasket.com,Fruits and Vegetables,Celery,1,Kg,Sunday,03 Dec 2023,99.0,72.27,27.0
bigbasket.com,Fruits and Vegetables,"Chilli - Bajji, Mild (Loose)",1,Kg,Sunday,03 Dec 2023,99.0,72.27,27.0
bigbasket.com,Fruits and Vegetables,Parsley Leaves - Curly,1,Kg,Sunday,03 Dec 2023,99.0,72.27,27.0
bigbasket.com,Fruits and Vegetables,Swiss Chard - Multi Colored,250,gm,Sunday,03 Dec 2023,99.0,72.27,27.0
bigbasket.com,Fruits and Vegetables,Green Chilly - Chopped,500,gm,Sunday,03 Dec 2023,99.0,72.27,27.0
bigbasket.com,Fruits and Vegetables,Betel Leaf,10,Pc/Box,Sunday,03 Dec 2023,99.0,72.27,27.0
bigbasket.com,Fruits and Vegetables,Rosemary,1,Kg,Sunday,03 Dec 2023,99.0,72.27,27.0
bigbasket.com,Fruits and Vegetables,Lemon - Organically Grown (Loose),1,Kg,Sunday,03 Dec 2023,99.0,72.27,27.0
bigbasket.com,Fruits and Vegetables,Chilli - Hybrid,100,gm,Sunday,03 Dec 2023,99.0,72.27,27.0
bigbasket.com,Fruits and Vegetables,Ginger - Mango (Loose),1,Kg,Sunday,03 Dec 2023,99.0,72.27,27.0
bigbasket.com,Fruits and Vegetables,Chilli - Thai Bird (Loose),1,Kg,Sunday,03 Dec 2023,99.0,72.27,27.0
bigbasket.com,Your Daily Staples,Superior-Mp-Sharbati-Atta/Godihittu - Fortified,10,Kg,Sunday,03 Dec 2023,650.0,385.98,40.61846153846154
bigbasket.com,Your Daily Staples,Atta/Godihittu - Whole Wheat,10,Kg,Sunday,03 Dec 2023,650.0,385.98,40.61846153846154
bigbasket.com,Your Daily Staples,"Atta With 9 Multigrain - High-Fibre & High Protein Soft Rotis, Fortified",10,Kg,Sunday,03 Dec 2023,650.0,385.98,40.61846153846154
bigbasket.com,Your Daily Staples,Select Atta/Godihittu,5,Kg,Sunday,03 Dec 2023,650.0,385.98,40.61846153846154
bigbasket.com,Your Daily Staples,Multigrains Atta/Godihittu,5,Kg,Sunday,03 Dec 2023,650.0,385.98,40.61846153846154
bigbasket.com,Your Daily Staples,Chokar Yukt Whole Wheat Atta,5,Kg,Sunday,03 Dec 2023,650.0,385.98,40.61846153846154
bigbasket.com,Your Daily Staples,Bansi Sooji/Kesari Rava,1,Kg,Sunday,03 Dec 2023,650.0,385.98,40.61846153846154
bigbasket.com,Your Daily Staples,Super Whole Wheat Atta,5,Kg,Sunday,03 Dec 2023,650.0,385.98,40.61846153846154
bigbasket.com,Your Daily Staples,Atta/Godihittu - Chakki Fresh,10,Kg,Sunday,03 Dec 2023,650.0,385.98,40.61846153846154
bigbasket.com,Your Daily Staples,Fine Besan/Kadale Hittu - 100% Chana Dal,1,Kg,Sunday,03 Dec 2023,650.0,385.98,40.61846153846154
bigbasket.com,Your Daily Staples,Rice Flour,1,Kg,Sunday,03 Dec 2023,650.0,385.98,40.61846153846154
bigbasket.com,Your Daily Staples,Chiroti/Barik Sooji,1,Kg,Sunday,03 Dec 2023,650.0,385.98,40.61846153846154
bigbasket.com,Your Daily Staples,Chakki-Fresh-Wheat-Atta/Godihittu - Fortified,10,Kg,Sunday,03 Dec 2023,650.0,385.98,40.61846153846154
bigbasket.com,Your Daily Staples,Maida,500,gm,Sunday,03 Dec 2023,650.0,385.98,40.61846153846154
bigbasket.com,Your Daily Staples,Organic Whole Wheat Atta,5,Kg,Sunday,03 Dec 2023,650.0,385.98,40.61846153846154
bigbasket.com,Your Daily Staples,Besan Fine/Kadale Hittu,1,Kg,Sunday,03 Dec 2023,650.0,385.98,40.61846153846154
bigbasket.com,Your Daily Staples,Ragi Flour/Ragi Hittu,1,Kg,Sunday,03 Dec 2023,650.0,385.98,40.61846153846154
bigbasket.com,Your Daily Staples,Chakki Fresh Atta,1,Kg,Sunday,03 Dec 2023,650.0,385.98,40.61846153846154
bigbasket.com,Your Daily Staples,Idli Sooji/Rava,2,Kg,Sunday,03 Dec 2023,650.0,385.98,40.61846153846154
bigbasket.com,Your Daily Staples,Ragi Flour,1,Kg,Sunday,03 Dec 2023,650.0,385.98,40.61846153846154
bigbasket.com,Your Daily Staples,Roasted Sooji/Rava,1,Kg,Sunday,03 Dec 2023,650.0,385.98,40.61846153846154
bigbasket.com,Your Daily Staples,Sooji/Bombay Rava,1,Kg,Sunday,03 Dec 2023,650.0,385.98,40.61846153846154
bigbasket.com,Your Daily Staples,Double Roasted Rava,1,Kg,Sunday,03 Dec 2023,650.0,385.98,40.61846153846154
bigbasket.com,Your Daily Staples,Wheat Dalia/Lapsi rava,1,Kg,Sunday,03 Dec 2023,650.0,385.98,40.61846153846154
bigbasket.com,Your Daily Staples,Sugar Release Control Atta/Godihittu,5,Kg,Sunday,03 Dec 2023,650.0,385.98,40.61846153846154
bigbasket.com,Your Daily Staples,Besan/Kadale Hittu,1,Kg,Sunday,03 Dec 2023,650.0,385.98,40.61846153846154
bigbasket.com,Your Daily Staples,Rice Flour/Akki Hittu,500,gm,Sunday,03 Dec 2023,650.0,385.98,40.61846153846154
bigbasket.com,Your Daily Staples,"Multigrain Atta - 7 Grains, High Fibre Flour, High Protein Atta",2,Pc/Box,Sunday,03 Dec 2023,650.0,385.98,40.61846153846154
bigbasket.com,Your Daily Staples,"Double Roasted Suji Rava - Less Moisture, More Quantity, Made From MP Wheat",1,Kg,Sunday,03 Dec 2023,650.0,385.98,40.61846153846154
bigbasket.com,Your Daily Staples,"Gold Atta - 100% MP Sharbati Wheat, 12-Hour Softness, High Fibre Atta",2,Pc/Box,Sunday,03 Dec 2023,650.0,385.98,40.61846153846154
bigbasket.com,Your Daily Staples,Organic Whole Wheat Flour/Chakki Atta,10,Kg,Sunday,03 Dec 2023,650.0,385.98,40.61846153846154
bigbasket.com,Your Daily Staples,Bansi Sooji,1,Kg,Sunday,03 Dec 2023,650.0,385.98,40.61846153846154
bigbasket.com,Your Daily Staples,"Corn Starch Powder Cornflour - Gluten Free Product, Makes A Smooth Paste",500,gm,Sunday,03 Dec 2023,650.0,385.98,40.61846153846154
bigbasket.com,Your Daily Staples,Bansi Rava - Made From Durum Wheat,1,Kg,Sunday,03 Dec 2023,650.0,385.98,40.61846153846154
bigbasket.com,Your Daily Staples,Corn Flour/ Starch,500,gm,Sunday,03 Dec 2023,650.0,385.98,40.61846153846154
bigbasket.com,Your Daily Staples,Superior Classic Basmati Rice/Basmati Akki,1,Kg,Sunday,03 Dec 2023,210.0,187.93,10.509523809523802
bigbasket.com,Your Daily Staples,Sona Masoori Rice/Akki Raw Rice/Akki - Super Premium,10,Kg,Sunday,03 Dec 2023,210.0,187.93,10.509523809523802
bigbasket.com,Your Daily Staples,Basmati Rice/Basmati Akki - Pulav Premium,1,Kg,Sunday,03 Dec 2023,210.0,187.93,10.509523809523802
bigbasket.com,Your Daily Staples,Sona Masoori Raw Rice/Akki,25,Kg,Sunday,03 Dec 2023,210.0,187.93,10.509523809523802
bigbasket.com,Your Daily Staples,"Rice/Akki - Raw, Sona Masoori",1,Kg,Sunday,03 Dec 2023,210.0,187.93,10.509523809523802
bigbasket.com,Your Daily Staples,Sona Masoori Steam Rice/Akki,5,Kg,Sunday,03 Dec 2023,210.0,187.93,10.509523809523802
bigbasket.com,Your Daily Staples,Biryani Basmati Rice/Basmati Akki - Extra Long,1,Kg,Sunday,03 Dec 2023,210.0,187.93,10.509523809523802
bigbasket.com,Your Daily Staples,Bullet Raw Rice,5,Kg,Sunday,03 Dec 2023,210.0,187.93,10.509523809523802
bigbasket.com,Your Daily Staples,Poha/Avalakki/Aval - Thick,1,Kg,Sunday,03 Dec 2023,210.0,187.93,10.509523809523802
bigbasket.com,Your Daily Staples,Super Basmati Rice/Basmati Akki - Aged Rice,1,Kg,Sunday,03 Dec 2023,210.0,187.93,10.509523809523802
bigbasket.com,Your Daily Staples,Surti Kolam - Rice (12 + Months Old),26,Kg,Sunday,03 Dec 2023,210.0,187.93,10.509523809523802
bigbasket.com,Your Daily Staples,Idli/Idly Rice,1,Kg,Sunday,03 Dec 2023,210.0,187.93,10.509523809523802
bigbasket.com,Your Daily Staples,Dosa Rice/Akki,5,Kg,Sunday,03 Dec 2023,210.0,187.93,10.509523809523802
bigbasket.com,Your Daily Staples,"Basmati Rice/Basmati Akki - 1121, Dubar",1,Kg,Sunday,03 Dec 2023,210.0,187.93,10.509523809523802
bigbasket.com,Your Daily Staples,Sona Masoori Raw Rice,26,Kg,Sunday,03 Dec 2023,210.0,187.93,10.509523809523802
bigbasket.com,Your Daily Staples,Rice/Akki - Dosa,1,Kg,Sunday,03 Dec 2023,210.0,187.93,10.509523809523802
bigbasket.com,Your Daily Staples,Kurnool Sona Masoori Raw Rice (12 + Months Old),5,Kg,Sunday,03 Dec 2023,210.0,187.93,10.509523809523802
bigbasket.com,Your Daily Staples,New Rice/Akki - Sona Masoori,5,Kg,Sunday,03 Dec 2023,210.0,187.93,10.509523809523802
bigbasket.com,Your Daily Staples,Basmati Rice/Basmati Akki - Dubar,1,Kg,Sunday,03 Dec 2023,210.0,187.93,10.509523809523802
bigbasket.com,Your Daily Staples,Idli/Idly Rice,2,Kg,Sunday,03 Dec 2023,210.0,187.93,10.509523809523802
bigbasket.com,Your Daily Staples,HMT Kolam Rice/Akki,5,Kg,Sunday,03 Dec 2023,210.0,187.93,10.509523809523802
bigbasket.com,Your Daily Staples,Tamil Ponni Boiled - Rice,2,Kg,Sunday,03 Dec 2023,210.0,187.93,10.509523809523802
bigbasket.com,Your Daily Staples,Basmati Rice/Basmati Akki - Rozana Super 90,1,Kg,Sunday,03 Dec 2023,210.0,187.93,10.509523809523802
bigbasket.com,Your Daily Staples,"Sona Masuri Raw Rice/Akki - 12 Months, Pesticide Free",5,Kg,Sunday,03 Dec 2023,210.0,187.93,10.509523809523802
bigbasket.com,Your Daily Staples,Sabudana - White Medium,1,Kg,Sunday,03 Dec 2023,210.0,187.93,10.509523809523802
bigbasket.com,Your Daily Staples,Basmati Rice - Rozana,5,Kg,Sunday,03 Dec 2023,210.0,187.93,10.509523809523802
bigbasket.com,Your Daily Staples,Basmati Rice/Basmati Akki - Classic,5,Kg,Sunday,03 Dec 2023,210.0,187.93,10.509523809523802
bigbasket.com,Your Daily Staples,Basmati Rice/Basmati Akki - Biryani,5,Kg,Sunday,03 Dec 2023,210.0,187.93,10.509523809523802
bigbasket.com,Your Daily Staples,"Poha/Avalakki - Extra Thick, Mota",1,Kg,Sunday,03 Dec 2023,210.0,187.93,10.509523809523802
bigbasket.com,Your Daily Staples,Medium Poha,1,Kg,Sunday,03 Dec 2023,210.0,187.93,10.509523809523802
bigbasket.com,Your Daily Staples,Ponni Raw Rice (12 + Months Old),26,Kg,Sunday,03 Dec 2023,210.0,187.93,10.509523809523802
bigbasket.com,Your Daily Staples,Palakkad Red Matta Boiled Rice - Unda,26,Kg,Sunday,03 Dec 2023,210.0,187.93,10.509523809523802
bigbasket.com,Your Daily Staples,Idli/Idly Rice,10,Kg,Sunday,03 Dec 2023,210.0,187.93,10.509523809523802
bigbasket.com,Your Daily Staples,Ponni Raw Rice - Super Premium,26,Kg,Sunday,03 Dec 2023,210.0,187.93,10.509523809523802
bigbasket.com,Your Daily Staples,Wheat - Sharbati,1,Kg,Sunday,03 Dec 2023,210.0,187.93,10.509523809523802
bigbasket.com,Your Daily Staples,Super Saver Palakkad Red Matta Boiled Rice,10,Kg,Sunday,03 Dec 2023,210.0,187.93,10.509523809523802
bigbasket.com,Your Daily Staples,Basmati Rice/Basmati Akki - Rozana Gold,5,Kg,Sunday,03 Dec 2023,210.0,187.93,10.509523809523802
bigbasket.com,Your Daily Staples,"Rice/Akki - Steam, Sona Masoori",5,Kg,Sunday,03 Dec 2023,210.0,187.93,10.509523809523802
bigbasket.com,Your Daily Staples,Vadi Matta Rice,5,Kg,Sunday,03 Dec 2023,210.0,187.93,10.509523809523802
bigbasket.com,Your Daily Staples,Sona Masoori Steam Rice/Akki,1,Kg,Sunday,03 Dec 2023,210.0,187.93,10.509523809523802
bigbasket.com,Your Daily Staples,Basmati Rice - Super,1,Kg,Sunday,03 Dec 2023,210.0,187.93,10.509523809523802
bigbasket.com,Your Daily Staples,Organic Brown Rice/Akki,2,Kg,Sunday,03 Dec 2023,210.0,187.93,10.509523809523802
bigbasket.com,Your Daily Staples,Ponni Boiled - Rice,1,Kg,Sunday,03 Dec 2023,210.0,187.93,10.509523809523802
bigbasket.com,Your Daily Staples,Pure Ghee,2,Pc/Box,Sunday,03 Dec 2023,725.0,652.5,9.999999999999998
bigbasket.com,Your Daily Staples,Pooja Oil,890,gm,Sunday,03 Dec 2023,725.0,652.5,9.999999999999998
bigbasket.com,Your Daily Staples,Refined Sunflower Oil,3,Pc/Box,Sunday,03 Dec 2023,725.0,652.5,9.999999999999998
bigbasket.com,Your Daily Staples,Gingelly/Sesame Cooking Oil,1,Litre,Sunday,03 Dec 2023,725.0,652.5,9.999999999999998
bigbasket.com,Your Daily Staples,Ghee,2,Pc/Box,Sunday,03 Dec 2023,725.0,652.5,9.999999999999998
bigbasket.com,Your Daily Staples,Oil - Gingelly,1,Litre,Sunday,03 Dec 2023,725.0,652.5,9.999999999999998
bigbasket.com,Your Daily Staples,Pure Ghee/Tuppa,500,ml,Sunday,03 Dec 2023,725.0,652.5,9.999999999999998
bigbasket.com,Your Daily Staples,Sunlite - Refined Sunflower Oil,2,Litre,Sunday,03 Dec 2023,725.0,652.5,9.999999999999998
bigbasket.com,Your Daily Staples,Organic Cold Pressed Sunflower Cooking Oil,1,Litre,Sunday,03 Dec 2023,725.0,652.5,9.999999999999998
bigbasket.com,Your Daily Staples,Nakshatra Pooja Oil,500,ml,Sunday,03 Dec 2023,725.0,652.5,9.999999999999998
bigbasket.com,Your Daily Staples,Premium Kachi Ghani Pure Mustard Oil,500,ml,Sunday,03 Dec 2023,725.0,652.5,9.999999999999998
bigbasket.com,Your Daily Staples,Olive Oil For Indian Cooking - Frying & Baking,500,ml,Sunday,03 Dec 2023,725.0,652.5,9.999999999999998
bigbasket.com,Your Daily Staples,Refined Sunflower - Oil,5,Litre,Sunday,03 Dec 2023,725.0,652.5,9.999999999999998
bigbasket.com,Your Daily Staples,Coconut Oil - 100% Pure,300,ml,Sunday,03 Dec 2023,725.0,652.5,9.999999999999998
bigbasket.com,Your Daily Staples,"Gold - Refined Cooking Oil, Blend Of Rice Bran & Sunflower Oil, Helps Keeps Heart Healthy",3,Litre,Sunday,03 Dec 2023,725.0,652.5,9.999999999999998
bigbasket.com,Your Daily Staples,Gingelly Oil,1,Litre,Sunday,03 Dec 2023,725.0,652.5,9.999999999999998
bigbasket.com,Your Daily Staples,Original Extra Virgin Olive Oil,1,Litre,Sunday,03 Dec 2023,725.0,652.5,9.999999999999998
bigbasket.com,Your Daily Staples,Cow Ghee/Tuppa,1,Litre,Sunday,03 Dec 2023,725.0,652.5,9.999999999999998
bigbasket.com,Your Daily Staples,Pureit Refined Sunflower Oil,5,Litre,Sunday,03 Dec 2023,725.0,652.5,9.999999999999998
bigbasket.com,Your Daily Staples,Coconut Oil,1,Litre,Sunday,03 Dec 2023,725.0,652.5,9.999999999999998
bigbasket.com,Your Daily Staples,Ghee/Tuppa,5,Litre,Sunday,03 Dec 2023,725.0,652.5,9.999999999999998
bigbasket.com,Your Daily Staples,High Aroma Cow Ghee,2,Pc/Box,Sunday,03 Dec 2023,725.0,652.5,9.999999999999998
bigbasket.com,Your Daily Staples,Organic Cow Ghee/Tuppa,490,ml,Sunday,03 Dec 2023,725.0,652.5,9.999999999999998
bigbasket.com,Your Daily Staples,Coconad - Coconut Oil,1,Litre,Sunday,03 Dec 2023,725.0,652.5,9.999999999999998
bigbasket.com,Your Daily Staples,Rice Bran Health Physically Refined Oil,5,Litre,Sunday,03 Dec 2023,725.0,652.5,9.999999999999998
bigbasket.com,Your Daily Staples,Rice Bran Oil - Physically Refined,2,Pc/Box,Sunday,03 Dec 2023,725.0,652.5,9.999999999999998
bigbasket.com,Your Daily Staples,Mustard Oil,1,Litre,Sunday,03 Dec 2023,725.0,652.5,9.999999999999998
bigbasket.com,Your Daily Staples,"100% Natural & Pure Groundnut Oil - Unrefined, Cold-Pressed",5,Litre,Sunday,03 Dec 2023,725.0,652.5,9.999999999999998
bigbasket.com,Your Daily Staples,Cashew/Godambi - Whole,1,Kg,Sunday,03 Dec 2023,519.0,467.1,9.999999999999998
bigbasket.com,Your Daily Staples,"Almond/Badam - Californian, Giri",1,Kg,Sunday,03 Dec 2023,519.0,467.1,9.999999999999998
bigbasket.com,Your Daily Staples,Organic - Almond/Badam,200,gm,Sunday,03 Dec 2023,519.0,467.1,9.999999999999998
bigbasket.com,Your Daily Staples,Organic - Kismis,1,Kg,Sunday,03 Dec 2023,519.0,467.1,9.999999999999998
bigbasket.com,Your Daily Staples,Walnut/Akhrot - Kernels,200,gm,Sunday,03 Dec 2023,519.0,467.1,9.999999999999998
bigbasket.com,Your Daily Staples,Cashew/Kaju - Whole,1,Kg,Sunday,03 Dec 2023,519.0,467.1,9.999999999999998
bigbasket.com,Your Daily Staples,Anjeer/Figs/Atti Hannu,500,gm,Sunday,03 Dec 2023,519.0,467.1,9.999999999999998
bigbasket.com,Your Daily Staples,Phool Makhana,200,gm,Sunday,03 Dec 2023,519.0,467.1,9.999999999999998
bigbasket.com,Your Daily Staples,Raisins/Ona Drakshi - Indian,1,Kg,Sunday,03 Dec 2023,519.0,467.1,9.999999999999998
bigbasket.com,Your Daily Staples,Pista Magaj - Plain Kernel,500,gm,Sunday,03 Dec 2023,519.0,467.1,9.999999999999998
bigbasket.com,Your Daily Staples,Dates/Kharjura - Deseeded,500,gm,Sunday,03 Dec 2023,519.0,467.1,9.999999999999998
bigbasket.com,Your Daily Staples,Phool Makhana,100,gm,Sunday,03 Dec 2023,519.0,467.1,9.999999999999998
bigbasket.com,Your Daily Staples,Organic - Chia Seeds,100,gm,Sunday,03 Dec 2023,519.0,467.1,9.999999999999998
bigbasket.com,Your Daily Staples,"Almond/Badam - Californian, Giri",1,Kg,Sunday,03 Dec 2023,519.0,467.1,9.999999999999998
bigbasket.com,Your Daily Staples,Organic - Cashew/Godambi Whole Bold,100,gm,Sunday,03 Dec 2023,519.0,467.1,9.999999999999998
bigbasket.com,Your Daily Staples,Black Raisins/Ona Drakshi - Seedless,200,gm,Sunday,03 Dec 2023,519.0,467.1,9.999999999999998
bigbasket.com,Your Daily Staples,Organic Walnut/Akrodu Kernels,500,gm,Sunday,03 Dec 2023,519.0,467.1,9.999999999999998
bigbasket.com,Your Daily Staples,Cashew/Godambi - Broken,1,Kg,Sunday,03 Dec 2023,519.0,467.1,9.999999999999998
bigbasket.com,Your Daily Staples,Cashew/Godambi - Split,500,gm,Sunday,03 Dec 2023,519.0,467.1,9.999999999999998
bigbasket.com,Your Daily Staples,Walnut/Akhrot - Kernels,500,gm,Sunday,03 Dec 2023,519.0,467.1,9.999999999999998
bigbasket.com,Your Daily Staples,Mixed Dry fruits,500,gm,Sunday,03 Dec 2023,519.0,467.1,9.999999999999998
bigbasket.com,Your Daily Staples,"100% Pure Premium Cashews Whole - Premium Quality Kaju, Rich In Protein, Magnesium, & Phosphorus, Premium Nuts & Dry Fruits|",1,Kg,Sunday,03 Dec 2023,519.0,467.1,9.999999999999998
bigbasket.com,Your Daily Staples,Dates/Kharjura,500,gm,Sunday,03 Dec 2023,519.0,467.1,9.999999999999998
bigbasket.com,Your Daily Staples,100% Natural Premium Californian Almonds,500,gm,Sunday,03 Dec 2023,519.0,467.1,9.999999999999998
bigbasket.com,Your Daily Staples,"Dry Dates/Kharjura - Chuwara, Kharik",500,gm,Sunday,03 Dec 2023,519.0,467.1,9.999999999999998
bigbasket.com,Your Daily Staples,"Almond/Badam - Californian, Giri Bold",1,Kg,Sunday,03 Dec 2023,519.0,467.1,9.999999999999998
bigbasket.com,Your Daily Staples,Anjeer/Figs/Atti Hannu,500,gm,Sunday,03 Dec 2023,519.0,467.1,9.999999999999998
bigbasket.com,Your Daily Staples,Dates/Kharjura - Desert King,500,gm,Sunday,03 Dec 2023,519.0,467.1,9.999999999999998
bigbasket.com,Your Daily Staples,Green Pumpkin Seeds/Kumbalakayi Bija,100,gm,Sunday,03 Dec 2023,519.0,467.1,9.999999999999998
bigbasket.com,Your Daily Staples,"Cashew/Godambi - Whole,Standy Ziplock Pouch",500,gm,Sunday,03 Dec 2023,519.0,467.1,9.999999999999998
bigbasket.com,Your Daily Staples,Watermelon Seeds/Kallangadi Bija,100,gm,Sunday,03 Dec 2023,519.0,467.1,9.999999999999998
bigbasket.com,Your Daily Staples,Organic - Flax Seeds,200,gm,Sunday,03 Dec 2023,519.0,467.1,9.999999999999998
bigbasket.com,Your Daily Staples,"100% Pure California Almonds Whole - Premium Quality Badam Giri, Rich In Protein, Magnesium, Phosphorus, & Dietary Fibre, Premium Nuts & Dry Fruits",1,Kg,Sunday,03 Dec 2023,519.0,467.1,9.999999999999998
bigbasket.com,Your Daily Staples,Seeds - Flax,200,gm,Sunday,03 Dec 2023,519.0,467.1,9.999999999999998
bigbasket.com,Your Daily Staples,Dates Syrup,1,Kg,Sunday,03 Dec 2023,519.0,467.1,9.999999999999998
bigbasket.com,Your Daily Staples,"100% Pure Premium Raisins Seedless - Premium Quality Kishmish, Source Of Potassium, Premium Dry Fruits",200,gm,Sunday,03 Dec 2023,519.0,467.1,9.999999999999998
bigbasket.com,Your Daily Staples,Premium International Omani Dates,680,gm,Sunday,03 Dec 2023,519.0,467.1,9.999999999999998
bigbasket.com,Your Daily Staples,Raisins/Ona Drakshi - Indian,200,gm,Sunday,03 Dec 2023,519.0,467.1,9.999999999999998
bigbasket.com,Your Daily Staples,"Sugar - Pure & Hygienic, Fine Grain, Natural, Sulphur Free",1,Kg,Sunday,03 Dec 2023,140.0,59.0,57.857142857142854
bigbasket.com,Your Daily Staples,Rock Salt 1Kg - Sendha Namak for a Healthy Life,1,Kg,Sunday,03 Dec 2023,140.0,59.0,57.857142857142854
bigbasket.com,Your Daily Staples,White Label Sugar,5,Kg,Sunday,03 Dec 2023,140.0,59.0,57.857142857142854
bigbasket.com,Your Daily Staples,Vacuum Evaporated Iodised Salt - Helps Mental Development,1,Kg,Sunday,03 Dec 2023,140.0,59.0,57.857142857142854
bigbasket.com,Your Daily Staples,Sugar/Sakkare,5,Kg,Sunday,03 Dec 2023,140.0,59.0,57.857142857142854
bigbasket.com,Your Daily Staples,Refined Sugar (Sulphurless)/Sakkare,1,Kg,Sunday,03 Dec 2023,140.0,59.0,57.857142857142854
bigbasket.com,Your Daily Staples,Organic - Brown Sugar/Sakkare,5,Kg,Sunday,03 Dec 2023,140.0,59.0,57.857142857142854
bigbasket.com,Your Daily Staples,Jaggery/Bella Round,1,Kg,Sunday,03 Dec 2023,140.0,59.0,57.857142857142854
bigbasket.com,Your Daily Staples,Himalayan Pink Rock Salt/Uppu Powder,1,Kg,Sunday,03 Dec 2023,140.0,59.0,57.857142857142854
bigbasket.com,Your Daily Staples,Rock Salt/Uppu,1,Kg,Sunday,03 Dec 2023,140.0,59.0,57.857142857142854
bigbasket.com,Your Daily Staples,"Lite - 15% Low Sodium Iodised Salt, Helps Blood Pressure & For Healthy Lifestyle",1,Kg,Sunday,03 Dec 2023,140.0,59.0,57.857142857142854
bigbasket.com,Your Daily Staples,Jaggery - Bucket,900,gm,Sunday,03 Dec 2023,140.0,59.0,57.857142857142854
bigbasket.com,Your Daily Staples,Jaggery/Bella - Kolhapuri,900,gm,Sunday,03 Dec 2023,140.0,59.0,57.857142857142854
bigbasket.com,Your Daily Staples,Organic - Sugar/Sakkare,1,Kg,Sunday,03 Dec 2023,140.0,59.0,57.857142857142854
bigbasket.com,Your Daily Staples,"Gold Sweetener - Low Calories, India’s No.1 Sweetener",500,Pc/Box,Sunday,03 Dec 2023,140.0,59.0,57.857142857142854
bigbasket.com,Your Daily Staples,"Jaggery - Rich In Iron, Treats Anemia",1,Kg,Sunday,03 Dec 2023,140.0,59.0,57.857142857142854
bigbasket.com,Your Daily Staples,Natural Jaggery/Bella Powder,1,Kg,Sunday,03 Dec 2023,140.0,59.0,57.857142857142854
bigbasket.com,Your Daily Staples,Sweet Care - Low GI Sugar,500,gm,Sunday,03 Dec 2023,140.0,59.0,57.857142857142854
bigbasket.com,Your Daily Staples,"Jaggery Powder - Rich In Nutrition, No Transfat",1,Kg,Sunday,03 Dec 2023,140.0,59.0,57.857142857142854
bigbasket.com,Your Daily Staples,"Organic Misri - Whole, Sugar/Sakkare Candy",100,gm,Sunday,03 Dec 2023,140.0,59.0,57.857142857142854
bigbasket.com,Your Daily Staples,Misri - Diamond Sugar/Sakkare,100,gm,Sunday,03 Dec 2023,140.0,59.0,57.857142857142854
bigbasket.com,Your Daily Staples,Brown Sugar/Sakkare,1,Kg,Sunday,03 Dec 2023,140.0,59.0,57.857142857142854
bigbasket.com,Your Daily Staples,Black Salt/Kala Namak - Powder,100,gm,Sunday,03 Dec 2023,140.0,59.0,57.857142857142854
bigbasket.com,Your Daily Staples,"Tata Salt Super Lite Iodized Salt - 30 % Less Sodium, 1 Kg (PACK OF 2)",2,Pc/Box,Sunday,03 Dec 2023,140.0,59.0,57.857142857142854
bigbasket.com,Your Daily Staples,"Fine Grain Sugar - Sulphurless Process, Pure & Hygienic",1,Kg,Sunday,03 Dec 2023,140.0,59.0,57.857142857142854
bigbasket.com,Beverages,Chocolate Flavor Milkshake,180,ml,Sunday,03 Dec 2023,40.0,35.2,11.99999999999999
bigbasket.com,Beverages,Winkin Cow Chocolicious Thick Milkshake - Rich In Calcium,180,ml,Sunday,03 Dec 2023,40.0,35.2,11.99999999999999
bigbasket.com,Beverages,Dark Fantasy Chocolate Shake - Thick & Creamy Milkshake,180,ml,Sunday,03 Dec 2023,40.0,35.2,11.99999999999999
bigbasket.com,Beverages,Probiotic Health Drink - Light,65,ml,Sunday,03 Dec 2023,40.0,35.2,11.99999999999999
bigbasket.com,Beverages,"Milkshake - Chocolate, No Trans Fat & Preservatives",180,ml,Sunday,03 Dec 2023,40.0,35.2,11.99999999999999
bigbasket.com,Beverages,"Chocolate Milkshake - With Zinc, Vitamin A & D Added, Immunity Booster",200,ml,Sunday,03 Dec 2023,40.0,35.2,11.99999999999999
bigbasket.com,Beverages,Flavoured Milk - Badam,200,ml,Sunday,03 Dec 2023,40.0,35.2,11.99999999999999
bigbasket.com,Beverages,Strawberry Flavor Milkshake,180,ml,Sunday,03 Dec 2023,40.0,35.2,11.99999999999999
bigbasket.com,Beverages,"Vanilla Milkshake - With Zinc, Vitamin A & D Added, Immunity Booster",200,ml,Sunday,03 Dec 2023,40.0,35.2,11.99999999999999
bigbasket.com,Beverages,Probiotic Fermented Health Drink,65,ml,Sunday,03 Dec 2023,40.0,35.2,11.99999999999999
bigbasket.com,Beverages,Winkin Cow Almond Salted Caramel Rich Milkshake - High In Calcium,180,ml,Sunday,03 Dec 2023,40.0,35.2,11.99999999999999
bigbasket.com,Beverages,Flavoured Milk - Pista,200,ml,Sunday,03 Dec 2023,40.0,35.2,11.99999999999999
bigbasket.com,Beverages,Cookies N Creme Flavor Milkshake,180,ml,Sunday,03 Dec 2023,40.0,35.2,11.99999999999999
bigbasket.com,Beverages,"Vanilla Milkshake - Smooth & Creamy, With Real Vanilla Extracts",180,ml,Sunday,03 Dec 2023,40.0,35.2,11.99999999999999
bigbasket.com,Beverages,Kool Milk - Kesar Flavour,180,ml,Sunday,03 Dec 2023,40.0,35.2,11.99999999999999
bigbasket.com,Beverages,"Winkin Cow Strawbericious Thick Milkshake - Sweet Fruity Flavour, Rich In Calcium",180,ml,Sunday,03 Dec 2023,40.0,35.2,11.99999999999999
bigbasket.com,Beverages,"Strawberry Milkshake - With Zinc, Vitamin A & D Added, Immunity Booster",200,ml,Sunday,03 Dec 2023,40.0,35.2,11.99999999999999
bigbasket.com,Beverages,"Premium Badam Milk - With Real Nuts, Rich In Nutrients, Stimulates Bone Growth",180,ml,Sunday,03 Dec 2023,40.0,35.2,11.99999999999999
bigbasket.com,Beverages,Minute Maid Pulpy Orange Juice - Ready-To-Serve Fruit Drink,1,Litre,Sunday,03 Dec 2023,99.0,91.0,8.080808080808078
bigbasket.com,Beverages,Diet Coke Soft Drink,300,ml,Sunday,03 Dec 2023,99.0,91.0,8.080808080808078
bigbasket.com,Beverages,"Mixed Fruit - Rich In Fibre, Vitamin C & E, 100% Indian Fruit & 0% Concentrate",1,Litre,Sunday,03 Dec 2023,99.0,91.0,8.080808080808078
bigbasket.com,Beverages,Zero Sugar Soft Drink,300,ml,Sunday,03 Dec 2023,99.0,91.0,8.080808080808078
bigbasket.com,Beverages,Cold Extracted Juice - Valencia Orange,1,Litre,Sunday,03 Dec 2023,99.0,91.0,8.080808080808078
bigbasket.com,Beverages,Fruit Power Juice - Masala Mixed Fruit,1,Litre,Sunday,03 Dec 2023,99.0,91.0,8.080808080808078
bigbasket.com,Beverages,Soft Drink,750,ml,Sunday,03 Dec 2023,99.0,91.0,8.080808080808078
bigbasket.com,Beverages,Fruit Power Juice - Cranberry,1,Litre,Sunday,03 Dec 2023,99.0,91.0,8.080808080808078
bigbasket.com,Beverages,Fruit Power Juice - Masala Pomegranate,1,Litre,Sunday,03 Dec 2023,99.0,91.0,8.080808080808078
bigbasket.com,Beverages,Fruit Power Juice - Mixed,1,Litre,Sunday,03 Dec 2023,99.0,91.0,8.080808080808078
bigbasket.com,Beverages,Sparkling Water - Club Soda,750,ml,Sunday,03 Dec 2023,99.0,91.0,8.080808080808078
bigbasket.com,Beverages,Coconut Water Packed With Electrolytes - Boosts Hydration,200,ml,Sunday,03 Dec 2023,99.0,91.0,8.080808080808078
bigbasket.com,Beverages,"Black Soft Drink - Max Taste, Zero Sugar(Diet)",250,ml,Sunday,03 Dec 2023,99.0,91.0,8.080808080808078
bigbasket.com,Beverages,Original Ginger Ale Flavoured Soft Drink - Refreshing Taste & Delicious Flavour,300,ml,Sunday,03 Dec 2023,99.0,91.0,8.080808080808078
bigbasket.com,Beverages,100% Orange Juice,1,Litre,Sunday,03 Dec 2023,99.0,91.0,8.080808080808078
bigbasket.com,Beverages,"Indian Tonic Water - Contains Quinine, Soda Water With Refreshing Taste",300,ml,Sunday,03 Dec 2023,99.0,91.0,8.080808080808078
bigbasket.com,Beverages,100% Mixed Fruit Juice - With No Added Sugar & No Added Preservatives,1,Litre,Sunday,03 Dec 2023,99.0,91.0,8.080808080808078
bigbasket.com,Beverages,100% Orange Juice,1,Litre,Sunday,03 Dec 2023,99.0,91.0,8.080808080808078
bigbasket.com,Beverages,Energy Drink,250,ml,Sunday,03 Dec 2023,99.0,91.0,8.080808080808078
bigbasket.com,Beverages,Fruit Power - Coconut Water,1,Litre,Sunday,03 Dec 2023,99.0,91.0,8.080808080808078
bigbasket.com,Beverages,Fruit Power Juice - Masala Guava,1,Litre,Sunday,03 Dec 2023,99.0,91.0,8.080808080808078
bigbasket.com,Snacks Store,Yummiez Nuggets - Chicken,750,gm,Sunday,03 Dec 2023,315.0,236.25,25.0
bigbasket.com,Snacks Store,Frozen - Green Peas,1,Kg,Sunday,03 Dec 2023,315.0,236.25,25.0
bigbasket.com,Snacks Store,"Crunchy Chicken Nuggets, Non-Veg Snack, Ready To Cook",1,Kg,Sunday,03 Dec 2023,315.0,236.25,25.0
bigbasket.com,Snacks Store,"Veggie Fingers - Veggie Delight With Corn, Carrot & Peas",400,gm,Sunday,03 Dec 2023,315.0,236.25,25.0
bigbasket.com,Snacks Store,Potato Bites - Chilli Garlic,420,gm,Sunday,03 Dec 2023,315.0,236.25,25.0
bigbasket.com,Snacks Store,French Fries,425,gm,Sunday,03 Dec 2023,315.0,236.25,25.0
bigbasket.com,Snacks Store,"Burger Patty - Chicken, Jumbo",450,gm,Sunday,03 Dec 2023,315.0,236.25,25.0
bigbasket.com,Snacks Store,Chicken Darjeeling Momos,20,Pc/Box,Sunday,03 Dec 2023,315.0,236.25,25.0
bigbasket.com,Snacks Store,Puff - Pastry Sheet,320,gm,Sunday,03 Dec 2023,315.0,236.25,25.0
bigbasket.com,Snacks Store,Frozen Green Peas - Ready To Cook,1,Kg,Sunday,03 Dec 2023,315.0,236.25,25.0
bigbasket.com,Snacks Store,Frozen - Green Peas,1,Kg,Sunday,03 Dec 2023,315.0,236.25,25.0
bigbasket.com,Snacks Store,"French Fries - Frozen , Ready To Fry",425,gm,Sunday,03 Dec 2023,315.0,236.25,25.0
bigbasket.com,Snacks Store,Smiles - Crispy Happy Potatoes,415,gm,Sunday,03 Dec 2023,315.0,236.25,25.0
bigbasket.com,Snacks Store,"Malabar Paratha - Crispy & Flaky, No Added Preservatives & Flavours",140,gm,Sunday,03 Dec 2023,315.0,236.25,25.0
bigbasket.com,Snacks Store,"17 g High Protein Oats - With Probiotics, Dark Chocolate Flavour",1,Kg,Sunday,03 Dec 2023,725.0,649.0,10.482758620689658
bigbasket.com,Snacks Store,Whole Wheat Lachha Paratha,400,gm,Sunday,03 Dec 2023,725.0,649.0,10.482758620689658
bigbasket.com,Snacks Store,"Oats - Natural Wholegrain, Nutritious Breakfast Cereal",1,Kg,Sunday,03 Dec 2023,725.0,649.0,10.482758620689658
bigbasket.com,Snacks Store,Nutrition Health Drink Mix - Premium Chocolate Flavour,1,Kg,Sunday,03 Dec 2023,725.0,649.0,10.482758620689658
bigbasket.com,Snacks Store,Honey - Zero Adulteration,1,Kg,Sunday,03 Dec 2023,725.0,649.0,10.482758620689658
bigbasket.com,Snacks Store,No Added Sugar Muesli With Real Fruits & Nuts - High Protein Breakfast,400,gm,Sunday,03 Dec 2023,725.0,649.0,10.482758620689658
bigbasket.com,Snacks Store,Corn Flakes With Real Almond & Honey,1,Kg,Sunday,03 Dec 2023,725.0,649.0,10.482758620689658
bigbasket.com,Snacks Store,Muesli Breakfast Cereal - With Multigrain & 21% Fruit & Nut,500,gm,Sunday,03 Dec 2023,725.0,649.0,10.482758620689658
bigbasket.com,Snacks Store,"Oats - Natural Wholegrain, Nutritious Breakfast Cereals, Poha, Easy To Cook",1,Kg,Sunday,03 Dec 2023,725.0,649.0,10.482758620689658
bigbasket.com,Snacks Store,"Protein Bars - Coconut Cocoa, No Added Sugar, All Natural",52,gm,Sunday,03 Dec 2023,725.0,649.0,10.482758620689658
bigbasket.com,Snacks Store,"Roasted Flax Seeds - Rich In Omega 3 Fatty Acid, Healthy",125,gm,Sunday,03 Dec 2023,725.0,649.0,10.482758620689658
bigbasket.com,Snacks Store,Muesli - With 0% Added Sugar,500,gm,Sunday,03 Dec 2023,725.0,649.0,10.482758620689658
bigbasket.com,Snacks Store,Organic Wild Honey,500,gm,Sunday,03 Dec 2023,725.0,649.0,10.482758620689658
bigbasket.com,Snacks Store,Tender Coconut Water With Pulpy Malai,200,ml,Sunday,03 Dec 2023,725.0,649.0,10.482758620689658
bigbasket.com,Snacks Store,"Roasted Sunflower Seeds - Rich In Protein & Fiber, Healthy",125,gm,Sunday,03 Dec 2023,725.0,649.0,10.482758620689658
bigbasket.com,Snacks Store,Organic Himalayan Kashmir Honey,500,gm,Sunday,03 Dec 2023,725.0,649.0,10.482758620689658
bigbasket.com,Snacks Store,"Protein Bars - Coffee Cocoa, All Natural, No Added Sugar",52,gm,Sunday,03 Dec 2023,725.0,649.0,10.482758620689658
bigbasket.com,Snacks Store,Honey - Zero Adulteration,500,gm,Sunday,03 Dec 2023,725.0,649.0,10.482758620689658
bigbasket.com,Snacks Store,2-Min Masala Instant Noodles,840,gm,Sunday,03 Dec 2023,168.0,158.0,5.952380952380953
bigbasket.com,Snacks Store,Magic Masala Instant Noodles,720,gm,Sunday,03 Dec 2023,168.0,158.0,5.952380952380953
bigbasket.com,Snacks Store,Penne Pasta,400,gm,Sunday,03 Dec 2023,168.0,158.0,5.952380952380953
bigbasket.com,Snacks Store,Ready To Eat Chicken Noodles,70,gm,Sunday,03 Dec 2023,168.0,158.0,5.952380952380953
bigbasket.com,Snacks Store,Shell Pasta,400,gm,Sunday,03 Dec 2023,168.0,158.0,5.952380952380953
bigbasket.com,Snacks Store,Geki Hot & Spicy Korean Veg Instant Noodles,80,gm,Sunday,03 Dec 2023,168.0,158.0,5.952380952380953
bigbasket.com,Snacks Store,Ready To Eat Veg Masala Noodles,70,gm,Sunday,03 Dec 2023,168.0,158.0,5.952380952380953
bigbasket.com,Snacks Store,Elbow Pasta,400,gm,Sunday,03 Dec 2023,168.0,158.0,5.952380952380953
bigbasket.com,Snacks Store,2-Minute Instant Noodles - Special Masala,840,gm,Sunday,03 Dec 2023,168.0,158.0,5.952380952380953
bigbasket.com,Snacks Store,Fusilli Pasta,400,gm,Sunday,03 Dec 2023,168.0,158.0,5.952380952380953
bigbasket.com,Snacks Store,Power Up Instant Atta Noodles,280,gm,Sunday,03 Dec 2023,168.0,158.0,5.952380952380953
bigbasket.com,Snacks Store,"Multi Millet Penne Pasta - Goodness Of Ragi, Jowar & Bajra, Rich In Protein & Fibre",450,gm,Sunday,03 Dec 2023,168.0,158.0,5.952380952380953
bigbasket.com,Snacks Store,"2 Minute Instant Noodles - Veggie Masala, Made With Quality Spices, Rich In Fibre",248,gm,Sunday,03 Dec 2023,168.0,158.0,5.952380952380953
bigbasket.com,Snacks Store,Geki Hot & Spicy Korean Chicken Instant Noodles,80,gm,Sunday,03 Dec 2023,168.0,158.0,5.952380952380953
bigbasket.com,Snacks Store,Pasta - Spaghetti,200,gm,Sunday,03 Dec 2023,168.0,158.0,5.952380952380953
bigbasket.com,Snacks Store,YiPPee! Magic Masala Noodles,2,Pc/Box,Sunday,03 Dec 2023,168.0,158.0,5.952380952380953
bigbasket.com,Snacks Store,Penne Pasta,1,Kg,Sunday,03 Dec 2023,168.0,158.0,5.952380952380953
bigbasket.com,Snacks Store,Sugar - Low GI,500,gm,Sunday,03 Dec 2023,220.0,115.0,47.72727272727273
bigbasket.com,Snacks Store,"Crème Cups - Vanilla Flavoured Cupcake, With Delicious Creamy Center",20,gm,Sunday,03 Dec 2023,220.0,115.0,47.72727272727273
bigbasket.com,Snacks Store,"Crème Cups - Choco Flavoured Cupcake, With Delicious Creamy Center",20,gm,Sunday,03 Dec 2023,220.0,115.0,47.72727272727273
bigbasket.com,Snacks Store,"Crème Cups - Strawberry Flavoured Cupcake, With Delicious Creamy Center",20,gm,Sunday,03 Dec 2023,220.0,115.0,47.72727272727273
bigbasket.com,Snacks Store,"Crème Cups - Blueberry Flavoured Cupcake, With Delicious Creamy Center",20,gm,Sunday,03 Dec 2023,220.0,115.0,47.72727272727273
bigbasket.com,Snacks Store,"Sweet Treats - Dark Belgium Cupcake, Filled With Rich Choco Cream",20,gm,Sunday,03 Dec 2023,220.0,115.0,47.72727272727273
bigbasket.com,Snacks Store,Marvella - Layered Choco Flavoured Cake,20,gm,Sunday,03 Dec 2023,220.0,115.0,47.72727272727273
bigbasket.com,Snacks Store,Marvella - Layered Strawberry Flavoured Cake,20,gm,Sunday,03 Dec 2023,220.0,115.0,47.72727272727273
bigbasket.com,Cleaning & Household,"Disinfectant Toilet Cleaner Liquid, Original",1,Litre,Sunday,03 Dec 2023,430.0,408.5,5.000000000000004
bigbasket.com,Cleaning & Household,Disinfectant Bathroom Cleaner Liquid - Lemon,1,Litre,Sunday,03 Dec 2023,430.0,408.5,5.000000000000004
bigbasket.com,Cleaning & Household,Disinfectant Surface & Floor Cleaner Liquid - Citrus,3,Pc/Box,Sunday,03 Dec 2023,430.0,408.5,5.000000000000004
bigbasket.com,Cleaning & Household,White & Shine Disinfectant Toilet Cleaner Bleach,500,ml,Sunday,03 Dec 2023,430.0,408.5,5.000000000000004
bigbasket.com,Cleaning & Household,Toilet Cleaner - Original,500,ml,Sunday,03 Dec 2023,430.0,408.5,5.000000000000004
bigbasket.com,Cleaning & Household,"Glass & Surface Cleaner Liquid Spray, Regular",500,ml,Sunday,03 Dec 2023,430.0,408.5,5.000000000000004
bigbasket.com,Cleaning & Household,Disinfectant Floor Surface Cleaner Liquid - Citrus Lemon,500,ml,Sunday,03 Dec 2023,430.0,408.5,5.000000000000004
bigbasket.com,Cleaning & Household,"Disinfectant Surface & Floor Cleaner Liquid, Sandal",500,ml,Sunday,03 Dec 2023,430.0,408.5,5.000000000000004
bigbasket.com,Cleaning & Household,"Toilet Cleaner - Fresh Guard, Ocean Fresh",1,Litre,Sunday,03 Dec 2023,430.0,408.5,5.000000000000004
bigbasket.com,Cleaning & Household,"Drain Xpert Drain Cleaning Powder - Removes Blockages In 30 Mins, For Washbasins, Sinks, Bathrooms",50,gm,Sunday,03 Dec 2023,430.0,408.5,5.000000000000004
bigbasket.com,Cleaning & Household,Disinfectant Floor Cleaner,1,Litre,Sunday,03 Dec 2023,430.0,408.5,5.000000000000004
bigbasket.com,Cleaning & Household,Flushmatic In-Cistern Toilet Cleaner Block - Marine,100,gm,Sunday,03 Dec 2023,430.0,408.5,5.000000000000004
bigbasket.com,Cleaning & Household,Dranex Drain Cleaner,50,gm,Sunday,03 Dec 2023,430.0,408.5,5.000000000000004
bigbasket.com,Cleaning & Household,Dishwasher All in 1 Max Powerball Tablets,24,Pc/Box,Sunday,03 Dec 2023,430.0,408.5,5.000000000000004
bigbasket.com,Cleaning & Household,Kitchen Cleaner Spray,450,ml,Sunday,03 Dec 2023,430.0,408.5,5.000000000000004
bigbasket.com,Cleaning & Household,Fresh Guard Disinfectant Toilet Cleaner Liquid - Lime Fresh,2,Pc/Box,Sunday,03 Dec 2023,430.0,408.5,5.000000000000004
bigbasket.com,Cleaning & Household,Matic Front Load Detergent Powder,3,Pc/Box,Sunday,03 Dec 2023,980.0,916.0,6.530612244897959
bigbasket.com,Cleaning & Household,"Matic Front Load Detergent Powder - Removes Tough Stains, Provides Long Lasting Fragrance",5,Kg,Sunday,03 Dec 2023,980.0,916.0,6.530612244897959
bigbasket.com,Cleaning & Household,After Wash Lily Fresh Fabric Conditioner,210,ml,Sunday,03 Dec 2023,980.0,916.0,6.530612244897959
bigbasket.com,Cleaning & Household,Double Power Detergent Washing Powder - Jasmine & Rose,8,Kg,Sunday,03 Dec 2023,980.0,916.0,6.530612244897959
bigbasket.com,Cleaning & Household,Quick Wash Detergent Powder,2,Kg,Sunday,03 Dec 2023,980.0,916.0,6.530612244897959
bigbasket.com,Cleaning & Household,"Matic Top Load Liquid Detergent, Designed For Tough Stain Removal Refill Pack",2,Pc/Box,Sunday,03 Dec 2023,980.0,916.0,6.530612244897959
bigbasket.com,Cleaning & Household,Matic Liquid Detergent - For Top Load Washing,2,Kg,Sunday,03 Dec 2023,980.0,916.0,6.530612244897959
bigbasket.com,Cleaning & Household,"Matic Top Load Detergent Powder - Removes Tough Stains, Provides Long Lasting Fragrance",5,Kg,Sunday,03 Dec 2023,980.0,916.0,6.530612244897959
bigbasket.com,Cleaning & Household,Oxi Action All In One Stain Remover,800,ml,Sunday,03 Dec 2023,980.0,916.0,6.530612244897959
bigbasket.com,Cleaning & Household,Matic Top Load Detergent Powder,2,Kg,Sunday,03 Dec 2023,980.0,916.0,6.530612244897959
bigbasket.com,Cleaning & Household,Matic Liquid - Front Load,2,Pc/Box,Sunday,03 Dec 2023,980.0,916.0,6.530612244897959
bigbasket.com,Cleaning & Household,Matic Liquid Detergent Top Load,2,Litre,Sunday,03 Dec 2023,980.0,916.0,6.530612244897959
bigbasket.com,Cleaning & Household,Perfume Deluxe Fabric Conditioner - Desire,2,Pc/Box,Sunday,03 Dec 2023,980.0,916.0,6.530612244897959
bigbasket.com,Cleaning & Household,Plus Double Power Detergent Washing Powder - Lemon & Mint,8,Kg,Sunday,03 Dec 2023,980.0,916.0,6.530612244897959
bigbasket.com,Cleaning & Household,"After Wash Fabric Conditioner - 2X French Perfume, Fresh Fragrance",2,Litre,Sunday,03 Dec 2023,980.0,916.0,6.530612244897959
bigbasket.com,Cleaning & Household,Oxi Action All In One Stain Remover,200,gm,Sunday,03 Dec 2023,980.0,916.0,6.530612244897959
bigbasket.com,Cleaning & Household,Ariel Matic 4-in-1 PODs Detergent - For Both Front & Top Load Washing Machines,357,gm,Sunday,03 Dec 2023,980.0,916.0,6.530612244897959
bigbasket.com,Cleaning & Household,After Wash Anti Bacterial Fabric Conditioner,860,ml,Sunday,03 Dec 2023,980.0,916.0,6.530612244897959
bigbasket.com,Cleaning & Household,"Facial Tissue Paper/Napkin - 2-Ply, 100% Virgin Fibre, Soft & Absorbent",200,Pc/Box,Sunday,03 Dec 2023,85.0,69.0,18.823529411764707
bigbasket.com,Cleaning & Household,"Wipes - Original, Sanitize Skin & Surfaces, Safe On Skin, Resealable Lock-lid",2,Pc/Box,Sunday,03 Dec 2023,85.0,69.0,18.823529411764707
bigbasket.com,Cleaning & Household,"Aluminium Foil - 10.5 Microns, Regular",21,Pc/Box,Sunday,03 Dec 2023,85.0,69.0,18.823529411764707
bigbasket.com,Cleaning & Household,"Dinner Napkin/Tissue Paper - Large, 2-Ply, 100% Virgin Fibre, Soft & Absorbent",50,Pc/Box,Sunday,03 Dec 2023,85.0,69.0,18.823529411764707
bigbasket.com,Cleaning & Household,Cockroach Killer Spray,700,ml,Sunday,03 Dec 2023,425.0,361.25,15.000000000000002
bigbasket.com,Cleaning & Household,"Power Pocket - Bathroom Air Fragrance, Assorted",10,gm,Sunday,03 Dec 2023,425.0,361.25,15.000000000000002
bigbasket.com,Cleaning & Household,Naphthalene Balls,200,gm,Sunday,03 Dec 2023,425.0,361.25,15.000000000000002
bigbasket.com,Cleaning & Household,"Power Activ+ Liquid Vapourizer, Mosquito Repellent Refill",45,ml,Sunday,03 Dec 2023,425.0,361.25,15.000000000000002
bigbasket.com,Cleaning & Household,Bathroom Air Freshener Blocks Mixed Fragrances,48,gm,Sunday,03 Dec 2023,425.0,361.25,15.000000000000002
bigbasket.com,Cleaning & Household,"Gold Flash Liquid Vapourizer, Mosquito Repellent Refill",45,ml,Sunday,03 Dec 2023,425.0,361.25,15.000000000000002
bigbasket.com,Cleaning & Household,Room Spray - Lavender Mist,150,ml,Sunday,03 Dec 2023,425.0,361.25,15.000000000000002
bigbasket.com,Cleaning & Household,Mosquito & Fly Killer Spray,200,ml,Sunday,03 Dec 2023,425.0,361.25,15.000000000000002
bigbasket.com,Cleaning & Household,Max Cockroach Killer Spray - Deep Reach Maxi Wand,625,ml,Sunday,03 Dec 2023,425.0,361.25,15.000000000000002
bigbasket.com,Cleaning & Household,"Spray - Home & Office Air Freshener, Morning Misty Meadows",2,Pc/Box,Sunday,03 Dec 2023,425.0,361.25,15.000000000000002
bigbasket.com,Cleaning & Household,"Air Freshener Cone - Original, Refreshing Camphor Fragrance, Repels Mosquitoes",2,Pc/Box,Sunday,03 Dec 2023,425.0,361.25,15.000000000000002
bigbasket.com,Cleaning & Household,2-In-1 Mosquito & Cockroach Killer Spray - Lemon Fragrance,3,Pc/Box,Sunday,03 Dec 2023,425.0,361.25,15.000000000000002
bigbasket.com,Cleaning & Household,Room Air Freshener Spray - Citrus Fresh,220,ml,Sunday,03 Dec 2023,425.0,361.25,15.000000000000002
bigbasket.com,Cleaning & Household,"Power Activ+ Liquid Vapourizer, Mosquito Repellent Refill",45,ml,Sunday,03 Dec 2023,425.0,361.25,15.000000000000002
bigbasket.com,Cleaning & Household,"Ultra Liquid Vaporiser Mosquito Repellent Starter Pack - Kills Dengue, Malaria, & Chikungunya Mosquitoes",45,ml,Sunday,03 Dec 2023,425.0,361.25,15.000000000000002
bigbasket.com,Cleaning & Household,"Gold Flash Liquid Vapourizer, Mosquito Repellent",45,ml,Sunday,03 Dec 2023,425.0,361.25,15.000000000000002
bigbasket.com,Beauty and Hygiene,Skin Naturals - Micellar Cleansing Water,125,ml,Sunday,03 Dec 2023,199.0,129.0,35.175879396984925
bigbasket.com,Beauty and Hygiene,"Longwear Kajal - Waterproof, Smudge-Proof, Velvet Finish",30,gm,Sunday,03 Dec 2023,199.0,129.0,35.175879396984925
bigbasket.com,Beauty and Hygiene,"BB+ Cream - Rich In Vitamin, Instant Spot Coverage, Make-Up Glow",18,gm,Sunday,03 Dec 2023,199.0,129.0,35.175879396984925
bigbasket.com,Beauty and Hygiene,Intensive Care Deep Moisture Body Lotion,600,ml,Sunday,03 Dec 2023,1250.0,835.0,33.199999999999996
bigbasket.com,Beauty and Hygiene,"Body Milk Nourishing Lotion - Very Dry Skin, With Deep Moisture Serum & 2X Almond Oil, 48h Intensive Moisture Care",200,ml,Sunday,03 Dec 2023,1250.0,835.0,33.199999999999996
bigbasket.com,Beauty and Hygiene,Purifying Neem Face Wash,50,ml,Sunday,03 Dec 2023,1250.0,835.0,33.199999999999996
bigbasket.com,Beauty and Hygiene,Advanced Multivitamin Face Cream,25,gm,Sunday,03 Dec 2023,1250.0,835.0,33.199999999999996
bigbasket.com,Beauty and Hygiene,Gulabari Premium Rose Water,120,ml,Sunday,03 Dec 2023,1250.0,835.0,33.199999999999996
bigbasket.com,Beauty and Hygiene,Tan Removal Orange Face Wash,100,ml,Sunday,03 Dec 2023,1250.0,835.0,33.199999999999996
bigbasket.com,Beauty and Hygiene,Skin Cream - Turmeric (Ayurvedic Medicine),70,gm,Sunday,03 Dec 2023,1250.0,835.0,33.199999999999996
bigbasket.com,Beauty and Hygiene,"Wet Wipes - Lavender, Double Moisturising, Extra Thick, No Paraben",80,Pc/Box,Sunday,03 Dec 2023,1250.0,835.0,33.199999999999996
bigbasket.com,Beauty and Hygiene,Natural Glow Kesar Face Cream - Reduces Pigmentation,50,gm,Sunday,03 Dec 2023,1250.0,835.0,33.199999999999996
bigbasket.com,Beauty and Hygiene,"Wet Wipes - Citrus, Double Moisturising, Extra Thick, No Paraben",80,Pc/Box,Sunday,03 Dec 2023,1250.0,835.0,33.199999999999996
bigbasket.com,Beauty and Hygiene,Bright Beauty Spot-less Glow Day Cream,23,gm,Sunday,03 Dec 2023,1250.0,835.0,33.199999999999996
bigbasket.com,Beauty and Hygiene,Moisturising Cold Cream,55,ml,Sunday,03 Dec 2023,1250.0,835.0,33.199999999999996
bigbasket.com,Beauty and Hygiene,"Light Moisturiser - With Vitamin E & Glycerine, For Non Oily Fresh Feel",2,Pc/Box,Sunday,03 Dec 2023,1250.0,835.0,33.199999999999996
bigbasket.com,Beauty and Hygiene,Raw Perfume For Men - EDP,50,ml,Sunday,03 Dec 2023,599.0,359.4,40.0
bigbasket.com,Beauty and Hygiene,Celeste Perfume For Women - EDP,50,ml,Sunday,03 Dec 2023,599.0,359.4,40.0
bigbasket.com,Beauty and Hygiene,"Original Deodorant & Complexion Soap, 99.9% Germ Protection",100,gm,Sunday,03 Dec 2023,48.0,47.04,2.0000000000000018
bigbasket.com,Beauty and Hygiene,"Gel Bathing Bar - Men, Refreshing Pulse",3,Pc/Box,Sunday,03 Dec 2023,48.0,47.04,2.0000000000000018
bigbasket.com,Beauty and Hygiene,"Refreshing Deo Lime Bath Soap, 99.9% Germ Protection",40,gm,Sunday,03 Dec 2023,48.0,47.04,2.0000000000000018
bigbasket.com,Beauty and Hygiene,"Men Fresh Active Deodorant - Ocean Extracts, Long Lasting Freshness",150,ml,Sunday,03 Dec 2023,48.0,47.04,2.0000000000000018
bigbasket.com,Beauty and Hygiene,"Marco Perfume Body Spray For Men Black - Long Lasting, No Gas, Everyday Deodorant",150,ml,Sunday,03 Dec 2023,48.0,47.04,2.0000000000000018
bigbasket.com,Beauty and Hygiene,"Health Intense Deo Fragrance Bath Soap, 99.9% Germ Protection",125,gm,Sunday,03 Dec 2023,48.0,47.04,2.0000000000000018
bigbasket.com,Beauty and Hygiene,Underarm Roll On Deodorant For Women - Shower Fresh,50,ml,Sunday,03 Dec 2023,48.0,47.04,2.0000000000000018
bigbasket.com,Beauty and Hygiene,"Deodorant Roll On - Deep Impact Freshness, 48 h Anti-Perspirant Freshness",50,ml,Sunday,03 Dec 2023,48.0,47.04,2.0000000000000018
bigbasket.com,Beauty and Hygiene,"Dark Temptation - Long Lasting Deodorant, Body Spray, For Men",150,ml,Sunday,03 Dec 2023,48.0,47.04,2.0000000000000018
bigbasket.com,Beauty and Hygiene,"Napoleon Perfume Body Spray For Men - Red, Long Lasting, No Gas, Everyday Deodorant",150,ml,Sunday,03 Dec 2023,48.0,47.04,2.0000000000000018
bigbasket.com,Beauty and Hygiene,Vector Plus - Manual Shaving Razor Blades Cartridge,4,Pc/Box,Sunday,03 Dec 2023,48.0,47.04,2.0000000000000018
bigbasket.com,Beauty and Hygiene,Underarm Roll On Deodorant For Women - Powder Dry,50,ml,Sunday,03 Dec 2023,48.0,47.04,2.0000000000000018
bigbasket.com,Beauty and Hygiene,"Pulse - Long Lasting Deodorant, Body Spray, For Men",150,ml,Sunday,03 Dec 2023,48.0,47.04,2.0000000000000018
bigbasket.com,Beauty and Hygiene,"Active Clean Shower Gel With Active Charcoal For Body, Face & Hair",500,ml,Sunday,03 Dec 2023,48.0,47.04,2.0000000000000018
bigbasket.com,Beauty and Hygiene,"Pure Impact Shower Gel - With Micro Particles, Purifying, Freshness, For Body, Face & Hair",500,ml,Sunday,03 Dec 2023,48.0,47.04,2.0000000000000018
bigbasket.com,Beauty and Hygiene,Beer Shampoo - Damage Free,650,ml,Sunday,03 Dec 2023,595.0,416.0,30.08403361344538
bigbasket.com,Beauty and Hygiene,"Soft Light Moisturiser - With Vitamin E & Jojoba Oil, For Face, Hand & Body, Instant Hydration, Non-Greasy Cream",300,ml,Sunday,03 Dec 2023,595.0,416.0,30.08403361344538
bigbasket.com,Beauty and Hygiene,Gulabari Premium Rose Water,250,ml,Sunday,03 Dec 2023,595.0,416.0,30.08403361344538
bigbasket.com,Beauty and Hygiene,Tan Removal Orange Face Wash,100,ml,Sunday,03 Dec 2023,595.0,416.0,30.08403361344538
bigbasket.com,Beauty and Hygiene,Super Light Gel - Oil Free Moisturiser With Hyaluronic Acid & Vitamin E,200,ml,Sunday,03 Dec 2023,595.0,416.0,30.08403361344538
bigbasket.com,Beauty and Hygiene,"Wet Wipes - Lavender, Double Moisturising, Extra Thick, No Paraben",80,Pc/Box,Sunday,03 Dec 2023,595.0,416.0,30.08403361344538
bigbasket.com,Beauty and Hygiene,Foaming Face Wash,240,ml,Sunday,03 Dec 2023,595.0,416.0,30.08403361344538
bigbasket.com,Beauty and Hygiene,"Wet Wipes - Citrus, Double Moisturising, Extra Thick, No Paraben",80,Pc/Box,Sunday,03 Dec 2023,595.0,416.0,30.08403361344538
bigbasket.com,Beauty and Hygiene,"Light Moisturiser - With Vitamin E & Glycerine, For Non Oily Fresh Feel",2,Pc/Box,Sunday,03 Dec 2023,595.0,416.0,30.08403361344538
bigbasket.com,Beauty and Hygiene,"Gulabari Premium Rose Water - Daily Glow, All Skin Types, 100% Natural, Paraben Free, Alcohol Free",400,ml,Sunday,03 Dec 2023,595.0,416.0,30.08403361344538
bigbasket.com,Beauty and Hygiene,Bright Beauty Spot-Less Fairness & Germ Removal Face wash,200,gm,Sunday,03 Dec 2023,595.0,416.0,30.08403361344538
bigbasket.com,Beauty and Hygiene,"BB+ Cream - Rich In Vitamin, Instant Spot Coverage, Make-Up Glow",30,gm,Sunday,03 Dec 2023,595.0,416.0,30.08403361344538
bigbasket.com,Beauty and Hygiene,"Intensive Care Cocoa Glow Body Lotion - With Shea Butter, Non-Greasy Formula",400,ml,Sunday,03 Dec 2023,735.0,274.22,62.69115646258503
bigbasket.com,Beauty and Hygiene,"Intensive Care Deep Moisture Body Lotion - Dry Skin, With Pure Oat Extract, Long Lasting Moisturisation",400,ml,Sunday,03 Dec 2023,735.0,274.22,62.69115646258503
bigbasket.com,Beauty and Hygiene,Nail Polish Remover - Classic,2,Pc/Box,Sunday,03 Dec 2023,735.0,274.22,62.69115646258503
bigbasket.com,Beauty and Hygiene,"Body Milk Nourishing Lotion - Very Dry Skin, With Deep Moisture Serum & 2X Almond Oil, 48h Intensive Moisture Care",400,ml,Sunday,03 Dec 2023,735.0,274.22,62.69115646258503
bigbasket.com,Beauty and Hygiene,"Healthy Bright Daily Brightening Even Tone Body Lotion - Radiant Skin + Vaseline Jelly, Vitamin B3, Triple Sunscreens",400,ml,Sunday,03 Dec 2023,735.0,274.22,62.69115646258503
bigbasket.com,Beauty and Hygiene,"Cocoa Nourish Oil In Lotion - Very Dry Skin, With Deep Moisture Serum, Cocoa Butter & Coconut Oil, 48h Deep Moisture Care",400,ml,Sunday,03 Dec 2023,735.0,274.22,62.69115646258503
bigbasket.com,Beauty and Hygiene,"Soft Light Moisturiser - With Vitamin E & Jojoba Oil, For Face, Hand & Body, Instant Hydration, Non-Greasy Cream",300,ml,Sunday,03 Dec 2023,735.0,274.22,62.69115646258503
bigbasket.com,Beauty and Hygiene,"Triple Vitamin Moisturising Lotion - Silky Smooth Skin, Vitamins B3, E & C",275,ml,Sunday,03 Dec 2023,735.0,274.22,62.69115646258503
bigbasket.com,Beauty and Hygiene,"Shea Smooth Body Milk - Dry Skin, With Deep Moisture Serum & Shea Butter, 48h Indulging Deep Moisture Care",400,ml,Sunday,03 Dec 2023,735.0,274.22,62.69115646258503
bigbasket.com,Home and Kitchen,"Microwaveable Plastic Multiutility Bowl - Pink, New Coral, L2272 PK",750,ml,Sunday,03 Dec 2023,129.0,99.0,23.25581395348837
bigbasket.com,Home and Kitchen,"Store Fresh Rectangular Package Container - Plastic, Durable, BPA Free, Voilet",3,Pc/Box,Sunday,03 Dec 2023,129.0,99.0,23.25581395348837
bigbasket.com,Home and Kitchen,"Microwaveable Plastic Multiutility Bowl - Blue, New Coral, L2272 BL",2,Pc/Box,Sunday,03 Dec 2023,129.0,99.0,23.25581395348837
bigbasket.com,Home and Kitchen,"Microwaveable Plastic Multiutility Bowl - Pink, New Coral, L2271 PK",2,Pc/Box,Sunday,03 Dec 2023,129.0,99.0,23.25581395348837
bigbasket.com,Home and Kitchen,"Store Fresh Square Container - Plastic, Durable, BPA Free, Pink",3,Pc/Box,Sunday,03 Dec 2023,129.0,99.0,23.25581395348837
bigbasket.com,Home and Kitchen,"Frost Stainless Steel Bottle With Sipper Cap - Steel Matt Finish, PXP 1004 Dq",1,Litre,Sunday,03 Dec 2023,495.0,199.0,59.79797979797981
bigbasket.com,Home and Kitchen,Frost Stainless Steel Water Bottle With Steel Cap - Steel Matt Finish,1,Litre,Sunday,03 Dec 2023,495.0,199.0,59.79797979797981
bigbasket.com,Home and Kitchen,"Microwaveable Plastic Multiutility Bowl - Pink, New Coral, L2272 PK",4,Pc/Box,Sunday,03 Dec 2023,495.0,199.0,59.79797979797981
bigbasket.com,Home and Kitchen,"Microwaveable Plastic Multiutility Bowl - Blue, New Coral, L2272 BL",4,Pc/Box,Sunday,03 Dec 2023,495.0,199.0,59.79797979797981
bigbasket.com,Home and Kitchen,Aqua Stainless Steel Water Bottle With Steel Cap - Black,1,Litre,Sunday,03 Dec 2023,495.0,199.0,59.79797979797981
